FullGeoName,Location,Activity,Total human disease cases,Neuroinvasive disease cases,**Presumptive viremic blood donors
"AL, Baldwin",01003,Human infections,1,1,0
"AL, Butler",01013,Human infections,1,1,1
"AL, Calhoun",01015,Human infections and non-human activity,1,1,0
"AL, Chilton",01021,Human infections,1,1,0
"AL, Cullman",01043,Human infections,1,1,0
"AL, Houston",01069,Human infections,0,0,1
"AL, Jefferson",01073,Human infections,6,6,0
"AL, Limestone",01083,Human infections,1,1,0
"AL, Lowndes",01085,Human infections,2,2,0
"AL, Macon",01087,Non-human activity,0,0,0
"AL, Madison",01089,Human infections,1,0,0
"AL, Mobile",01097,Human infections and non-human activity,8,6,0
"AL, Montgomery",01101,Human infections,3,1,0
"AL, Perry",01105,Human infections,1,1,0
"AL, Pike",01109,Human infections,0,0,1
"AL, Sumter",01119,Human infections,1,1,0
"AL, Tuscaloosa",01125,Human infections,1,1,1
"AZ, Apache",04001,Human infections,1,1,0
"AZ, Cochise",04003,Non-human activity,0,0,0
"AZ, Graham",04009,Human infections,1,0,1
"AZ, Maricopa",04013,Human infections and non-human activity,57,39,17
"AZ, Pima",04019,Human infections and non-human activity,2,1,0
"AZ, Pinal",04021,Human infections and non-human activity,4,4,0
"AZ, Yuma",04027,Non-human activity,0,0,0
"AR, Craighead",05031,Human infections,1,1,0
"AR, Dallas",05039,Human infections,1,1,0
"AR, Faulkner",05045,Human infections,2,2,0
"AR, Franklin",05047,Non-human activity,0,0,0
"AR, Independence",05063,Human infections,1,1,0
"AR, Jefferson",05069,Human infections,2,2,0
"AR, Johnson",05071,Human infections,1,1,0
"AR, Lafayette",05073,Human infections,1,1,0
"AR, Lawrence",05075,Human infections,2,1,0
"AR, Miller",05091,Human infections,1,1,0
"AR, Mississippi",05093,Human infections,2,2,0
"AR, Pope",05115,Human infections,1,0,1
"AR, Pulaski",05119,Human infections,8,7,0
"AR, Saline",05125,Human infections,1,1,0
"AR, Union",05139,Human infections and non-human activity,1,0,0
"AR, Washington",05143,Non-human activity,0,0,0
"CA, Alameda",06001,Non-human activity,0,0,0
"CA, Butte",06007,Human infections and non-human activity,4,3,0
"CA, Colusa",06011,Human infections and non-human activity,1,1,0
"CA, Contra Costa",06013,Non-human activity,0,0,0
"CA, Fresno",06019,Human infections and non-human activity,13,13,2
"CA, Glenn",06021,Human infections,1,0,0
"CA, Imperial",06025,Non-human activity,0,0,0
"CA, Inyo",06027,Non-human activity,0,0,0
"CA, Kern",06029,Human infections and non-human activity,18,18,2
"CA, Kings",06031,Human infections and non-human activity,9,8,0
"CA, Lake",06033,Non-human activity,0,0,0
"CA, Los Angeles",06037,Human infections and non-human activity,19,18,4
"CA, Madera",06039,Human infections and non-human activity,0,0,1
"CA, Merced",06047,Human infections and non-human activity,2,1,1
"CA, Monterey",06053,Human infections,1,1,0
"CA, Nevada",06057,Human infections,1,0,0
"CA, Orange",06059,Human infections and non-human activity,4,3,0
"CA, Placer",06061,Human infections and non-human activity,6,6,0
"CA, Riverside",06065,Human infections and non-human activity,1,1,0
"CA, Sacramento",06067,Human infections and non-human activity,2,2,0
"CA, San Bernardino",06071,Non-human activity,0,0,0
"CA, San Diego",06073,Non-human activity,0,0,0
"CA, San Joaquin",06077,Human infections and non-human activity,6,4,0
"CA, Santa Barbara",06083,Non-human activity,0,0,0
"CA, Santa Clara",06085,Human infections and non-human activity,2,2,0
"CA, Shasta",06089,Non-human activity,0,0,0
"CA, Siskiyou",06093,Human infections,1,1,0
"CA, Solano",06095,Human infections and non-human activity,1,1,0
"CA, Sonoma",06097,Non-human activity,0,0,0
"CA, Stanislaus",06099,Human infections and non-human activity,2,2,0
"CA, Sutter",06101,Human infections and non-human activity,2,0,0
"CA, Tulare",06107,Human infections and non-human activity,13,13,1
"CA, Tuolumne",06109,Human infections,2,1,0
"CA, Ventura",06111,Non-human activity,0,0,0
"CA, Yolo",06113,Human infections and non-human activity,1,1,0
"CA, Yuba",06115,Non-human activity,0,0,0
"CO, Adams",08001,Human infections and non-human activity,27,17,6
"CO, Arapahoe",08005,Human infections and non-human activity,18,11,4
"CO, Bent",08011,Human infections,1,1,0
"CO, Boulder",08013,Human infections and non-human activity,38,20,1
"CO, Broomfield",08014,Human infections,10,3,0
"CO, Delta",08029,Human infections and non-human activity,7,3,0
"CO, Denver",08031,Human infections and non-human activity,26,17,5
"CO, Douglas",08035,Human infections,7,5,2
"CO, El Paso",08041,Human infections,3,0,0
"CO, Fremont",08043,Human infections,4,3,0
"CO, Jefferson",08059,Human infections and non-human activity,23,14,2
"CO, Kit Carson",08063,Human infections,2,1,0
"CO, La Plata",08067,Human infections,4,2,0
"CO, Larimer",08069,Human infections and non-human activity,53,16,9
"CO, Logan",08075,Human infections,3,1,0
"CO, Mesa",08077,Human infections and non-human activity,1,0,0
"CO, Montrose",08085,Human infections,9,6,2
"CO, Morgan",08087,Human infections,3,2,1
"CO, Otero",08089,Human infections,4,1,0
"CO, Pueblo",08101,Human infections,4,3,0
"CO, Rio Grande",08105,Human infections,1,1,0
"CO, Summit",08117,Human infections,1,0,0
"CO, Teller",08119,Human infections,1,0,1
"CO, Washington",08121,Human infections,1,0,0
"CO, Weld",08123,Human infections and non-human activity,34,16,5
"CT, Capitol",09110,Human infections and non-human activity,0,0,1
"CT, Greater Bridgeport",09120,Human infections and non-human activity,1,1,2
"CT, Lower Connecticut River Valley",09130,Non-human activity,0,0,0
"CT, Naugatuck Valley",09140,Non-human activity,0,0,0
"CT, Northeastern Connecticut",09150,Non-human activity,0,0,0
"CT, Northwest Hills",09160,Non-human activity,0,0,0
"CT, South Central Connecticut",09170,Human infections and non-human activity,1,0,0
"CT, Southeastern Connecticut",09180,Human infections and non-human activity,1,1,0
"CT, Western Connecticut",09190,Human infections and non-human activity,3,3,1
"DE, Kent",10001,Non-human activity,0,0,0
"DE, New Castle",10003,Human infections and non-human activity,2,1,0
"DE, Sussex",10005,Human infections and non-human activity,1,1,0
"DC, Washington",11001,Human infections and non-human activity,4,4,2
"FL, Alachua",12001,Non-human activity,0,0,0
"FL, Bay",12005,Non-human activity,0,0,0
"FL, Brevard",12009,Non-human activity,0,0,0
"FL, Charlotte",12015,Non-human activity,0,0,0
"FL, Citrus",12017,Non-human activity,0,0,0
"FL, Clay",12019,Human infections,1,1,0
"FL, Duval",12031,Human infections and non-human activity,1,1,0
"FL, Escambia",12033,Human infections,4,3,4
"FL, Hernando",12053,Non-human activity,0,0,0
"FL, Hillsborough",12057,Non-human activity,0,0,0
"FL, Indian River",12061,Non-human activity,0,0,0
"FL, Lee",12071,Non-human activity,0,0,0
"FL, Leon",12073,Non-human activity,0,0,0
"FL, Manatee",12081,Non-human activity,0,0,0
"FL, Martin",12085,Non-human activity,0,0,0
"FL, Miami-Dade",12086,Human infections,0,0,1
"FL, Orange",12095,Non-human activity,0,0,0
"FL, Palm Beach",12099,Non-human activity,0,0,0
"FL, Pasco",12101,Non-human activity,0,0,0
"FL, Pinellas",12103,Non-human activity,0,0,0
"FL, Polk",12105,Non-human activity,0,0,0
"FL, Putnam",12107,Non-human activity,0,0,0
"FL, St Johns",12109,Human infections and non-human activity,0,0,1
"FL, St Lucie",12111,Non-human activity,0,0,0
"FL, Sarasota",12115,Non-human activity,0,0,0
"FL, Seminole",12117,Non-human activity,0,0,0
"FL, Sumter",12119,Non-human activity,0,0,0
"FL, Volusia",12127,Non-human activity,0,0,0
"FL, Walton",12131,Non-human activity,0,0,0
"GA, Bibb",13021,Human infections,1,1,0
"GA, Butts",13035,Human infections,0,0,1
"GA, Chatham",13051,Human infections and non-human activity,1,1,0
"GA, Columbia",13073,Human infections,1,1,0
"GA, De Kalb",13089,Non-human activity,0,0,0
"GA, Dougherty",13095,Human infections,2,2,0
"GA, Emanuel",13107,Non-human activity,0,0,0
"GA, Fulton",13121,Human infections and non-human activity,1,1,0
"GA, Glynn",13127,Non-human activity,0,0,0
"GA, Gwinnett",13135,Human infections,1,1,0
"GA, Houston",13153,Human infections,2,2,0
"GA, Jeff Davis",13161,Human infections,1,1,0
"GA, Lowndes",13185,Human infections and non-human activity,1,1,1
"GA, Muscogee",13215,Human infections,2,1,0
"GA, Rabun",13241,Human infections,0,0,1
"GA, Richmond",13245,Human infections,1,1,0
"GA, Sumter",13261,Non-human activity,0,0,0
"GA, Ware",13299,Human infections,1,1,0
"GA, Washington",13303,Human infections,1,1,0
"GA, Whitfield",13313,Human infections,1,1,0
"ID, Ada",16001,Human infections and non-human activity,2,2,0
"ID, Bannock",16005,Non-human activity,0,0,0
"ID, Bingham",16011,Non-human activity,0,0,0
"ID, Canyon",16027,Non-human activity,0,0,0
"ID, Cassia",16031,Non-human activity,0,0,0
"ID, Elmore",16039,Non-human activity,0,0,0
"ID, Franklin",16041,Human infections and non-human activity,2,1,1
"ID, Gem",16045,Non-human activity,0,0,0
"ID, Gooding",16047,Human infections,1,0,0
"ID, Jerome",16053,Non-human activity,0,0,0
"ID, Payette",16075,Non-human activity,0,0,0
"ID, Twin Falls",16083,Human infections and non-human activity,3,2,0
"ID, Washington",16087,Human infections and non-human activity,1,0,0
"IL, Adams",17001,Human infections,2,2,0
"IL, Bond",17005,Non-human activity,0,0,0
"IL, Boone",17007,Human infections and non-human activity,1,0,0
"IL, Bureau",17011,Non-human activity,0,0,0
"IL, Carroll",17015,Human infections and non-human activity,1,1,0
"IL, Champaign",17019,Non-human activity,0,0,0
"IL, Christian",17021,Non-human activity,0,0,0
"IL, Clay",17025,Non-human activity,0,0,0
"IL, Clinton",17027,Non-human activity,0,0,0
"IL, Coles",17029,Non-human activity,0,0,0
"IL, Cook",17031,Human infections and non-human activity,82,64,1
"IL, De Kalb",17037,Human infections and non-human activity,3,2,0
"IL, Douglas",17041,Non-human activity,0,0,0
"IL, Du Page",17043,Human infections and non-human activity,14,9,1
"IL, Effingham",17049,Non-human activity,0,0,0
"IL, Fayette",17051,Non-human activity,0,0,0
"IL, Ford",17053,Non-human activity,0,0,0
"IL, Franklin",17055,Human infections and non-human activity,2,2,0
"IL, Fulton",17057,Non-human activity,0,0,0
"IL, Gallatin",17059,Non-human activity,0,0,0
"IL, Greene",17061,Non-human activity,0,0,0
"IL, Grundy",17063,Non-human activity,0,0,0
"IL, Hancock",17067,Non-human activity,0,0,0
"IL, Henry",17073,Non-human activity,0,0,0
"IL, Jackson",17077,Human infections and non-human activity,1,0,0
"IL, Jasper",17079,Non-human activity,0,0,0
"IL, Jersey",17083,Non-human activity,0,0,0
"IL, Kane",17089,Human infections and non-human activity,5,4,0
"IL, Kankakee",17091,Non-human activity,0,0,0
"IL, Kendall",17093,Non-human activity,0,0,0
"IL, Knox",17095,Non-human activity,0,0,0
"IL, Lake",17097,Human infections and non-human activity,12,6,0
"IL, La Salle",17099,Human infections and non-human activity,1,1,0
"IL, Lee",17103,Non-human activity,0,0,0
"IL, Livingston",17105,Non-human activity,0,0,0
"IL, Logan",17107,Non-human activity,0,0,0
"IL, Mcdonough",17109,Human infections and non-human activity,1,0,1
"IL, Mchenry",17111,Non-human activity,0,0,0
"IL, Mclean",17113,Non-human activity,0,0,0
"IL, Macon",17115,Non-human activity,0,0,0
"IL, Macoupin",17117,Human infections and non-human activity,1,1,0
"IL, Madison",17119,Human infections and non-human activity,2,1,0
"IL, Marshall",17123,Non-human activity,0,0,0
"IL, Massac",17127,Human infections and non-human activity,1,0,0
"IL, Menard",17129,Non-human activity,0,0,0
"IL, Monroe",17133,Non-human activity,0,0,0
"IL, Montgomery",17135,Non-human activity,0,0,0
"IL, Morgan",17137,Human infections and non-human activity,1,1,0
"IL, Moultrie",17139,Non-human activity,0,0,0
"IL, Ogle",17141,Non-human activity,0,0,0
"IL, Peoria",17143,Human infections and non-human activity,2,2,0
"IL, Pope",17151,Non-human activity,0,0,0
"IL, Pulaski",17153,Non-human activity,0,0,0
"IL, Putnam",17155,Non-human activity,0,0,0
"IL, Randolph",17157,Non-human activity,0,0,0
"IL, Rock Island",17161,Non-human activity,0,0,0
"IL, St Clair",17163,Human infections and non-human activity,2,2,0
"IL, Saline",17165,Non-human activity,0,0,0
"IL, Sangamon",17167,Human infections and non-human activity,2,1,0
"IL, Scott",17171,Non-human activity,0,0,0
"IL, Stark",17175,Non-human activity,0,0,0
"IL, Stephenson",17177,Non-human activity,0,0,0
"IL, Tazewell",17179,Human infections and non-human activity,1,1,0
"IL, Union",17181,Non-human activity,0,0,0
"IL, Vermilion",17183,Non-human activity,0,0,0
"IL, Wabash",17185,Human infections,1,1,0
"IL, Wayne",17191,Human infections,1,1,0
"IL, White",17193,Non-human activity,0,0,0
"IL, Whiteside",17195,Non-human activity,0,0,0
"IL, Will",17197,Human infections and non-human activity,8,6,0
"IL, Williamson",17199,Non-human activity,0,0,0
"IL, Winnebago",17201,Human infections and non-human activity,1,1,0
"IL, Woodford",17203,Human infections,1,1,0
"IN, Adams",18001,Non-human activity,0,0,0
"IN, Allen",18003,Human infections and non-human activity,2,2,2
"IN, Bartholomew",18005,Human infections and non-human activity,1,1,0
"IN, Benton",18007,Non-human activity,0,0,0
"IN, Blackford",18009,Non-human activity,0,0,0
"IN, Boone",18011,Human infections and non-human activity,1,1,0
"IN, Brown",18013,Non-human activity,0,0,0
"IN, Carroll",18015,Non-human activity,0,0,0
"IN, Cass",18017,Non-human activity,0,0,0
"IN, Clark",18019,Human infections and non-human activity,1,1,0
"IN, Clay",18021,Non-human activity,0,0,0
"IN, Clinton",18023,Non-human activity,0,0,0
"IN, Crawford",18025,Non-human activity,0,0,0
"IN, Daviess",18027,Non-human activity,0,0,0
"IN, Dearborn",18029,Non-human activity,0,0,0
"IN, Decatur",18031,Non-human activity,0,0,0
"IN, De Kalb",18033,Non-human activity,0,0,0
"IN, Delaware",18035,Non-human activity,0,0,0
"IN, Dubois",18037,Non-human activity,0,0,0
"IN, Elkhart",18039,Human infections and non-human activity,1,1,0
"IN, Fayette",18041,Non-human activity,0,0,0
"IN, Floyd",18043,Non-human activity,0,0,0
"IN, Fountain",18045,Non-human activity,0,0,0
"IN, Franklin",18047,Non-human activity,0,0,0
"IN, Fulton",18049,Non-human activity,0,0,0
"IN, Gibson",18051,Non-human activity,0,0,0
"IN, Grant",18053,Non-human activity,0,0,0
"IN, Greene",18055,Non-human activity,0,0,0
"IN, Hamilton",18057,Human infections and non-human activity,1,1,0
"IN, Hancock",18059,Human infections and non-human activity,1,1,0
"IN, Harrison",18061,Non-human activity,0,0,0
"IN, Hendricks",18063,Non-human activity,0,0,0
"IN, Henry",18065,Non-human activity,0,0,0
"IN, Howard",18067,Human infections and non-human activity,5,4,0
"IN, Huntington",18069,Non-human activity,0,0,0
"IN, Jackson",18071,Non-human activity,0,0,0
"IN, Jasper",18073,Non-human activity,0,0,0
"IN, Jay",18075,Human infections and non-human activity,1,1,0
"IN, Jefferson",18077,Human infections and non-human activity,2,1,0
"IN, Jennings",18079,Non-human activity,0,0,0
"IN, Johnson",18081,Non-human activity,0,0,0
"IN, Knox",18083,Non-human activity,0,0,0
"IN, Kosciusko",18085,Non-human activity,0,0,0
"IN, La Grange",18087,Non-human activity,0,0,0
"IN, Lake",18089,Human infections and non-human activity,1,1,0
"IN, La Porte",18091,Non-human activity,0,0,0
"IN, Lawrence",18093,Non-human activity,0,0,0
"IN, Madison",18095,Human infections and non-human activity,1,1,0
"IN, Marion",18097,Human infections and non-human activity,6,6,0
"IN, Marshall",18099,Non-human activity,0,0,0
"IN, Martin",18101,Non-human activity,0,0,0
"IN, Miami",18103,Non-human activity,0,0,0
"IN, Monroe",18105,Non-human activity,0,0,0
"IN, Montgomery",18107,Non-human activity,0,0,0
"IN, Morgan",18109,Non-human activity,0,0,0
"IN, Newton",18111,Non-human activity,0,0,0
"IN, Noble",18113,Non-human activity,0,0,0
"IN, Ohio",18115,Human infections and non-human activity,1,1,0
"IN, Orange",18117,Non-human activity,0,0,0
"IN, Owen",18119,Non-human activity,0,0,0
"IN, Parke",18121,Non-human activity,0,0,0
"IN, Perry",18123,Non-human activity,0,0,0
"IN, Pike",18125,Non-human activity,0,0,0
"IN, Porter",18127,Human infections and non-human activity,1,1,0
"IN, Posey",18129,Non-human activity,0,0,0
"IN, Pulaski",18131,Non-human activity,0,0,0
"IN, Putnam",18133,Non-human activity,0,0,0
"IN, Randolph",18135,Non-human activity,0,0,0
"IN, Ripley",18137,Non-human activity,0,0,0
"IN, Rush",18139,Non-human activity,0,0,0
"IN, St Joseph",18141,Human infections and non-human activity,0,0,1
"IN, Scott",18143,Non-human activity,0,0,0
"IN, Shelby",18145,Human infections and non-human activity,1,1,0
"IN, Spencer",18147,Non-human activity,0,0,0
"IN, Starke",18149,Non-human activity,0,0,0
"IN, Steuben",18151,Non-human activity,0,0,0
"IN, Sullivan",18153,Non-human activity,0,0,0
"IN, Switzerland",18155,Non-human activity,0,0,0
"IN, Tippecanoe",18157,Non-human activity,0,0,0
"IN, Tipton",18159,Human infections and non-human activity,1,1,0
"IN, Union",18161,Non-human activity,0,0,0
"IN, Vanderburgh",18163,Human infections and non-human activity,10,7,2
"IN, Vermillion",18165,Non-human activity,0,0,0
"IN, Vigo",18167,Non-human activity,0,0,0
"IN, Wabash",18169,Non-human activity,0,0,0
"IN, Warren",18171,Non-human activity,0,0,0
"IN, Warrick",18173,Non-human activity,0,0,0
"IN, Washington",18175,Non-human activity,0,0,0
"IN, Wayne",18177,Human infections and non-human activity,0,0,1
"IN, Wells",18179,Human infections and non-human activity,1,1,0
"IN, White",18181,Non-human activity,0,0,0
"IN, Whitley",18183,Non-human activity,0,0,0
"IA, Benton",19011,Human infections,0,0,1
"IA, Black Hawk",19013,Non-human activity,0,0,0
"IA, Boone",19015,Human infections and non-human activity,1,1,0
"IA, Carroll",19027,Human infections,3,2,2
"IA, Cass",19029,Human infections,0,0,1
"IA, Cedar",19031,Human infections,2,1,0
"IA, Cherokee",19035,Human infections,3,2,0
"IA, Clarke",19039,Human infections,0,0,1
"IA, Crawford",19047,Human infections,1,0,0
"IA, Dickinson",19059,Human infections,1,1,0
"IA, Dubuque",19061,Human infections,1,1,0
"IA, Emmet",19063,Human infections,1,1,0
"IA, Greene",19073,Human infections,1,1,0
"IA, Grundy",19075,Human infections,2,2,0
"IA, Guthrie",19077,Human infections,1,1,0
"IA, Hardin",19083,Human infections,2,2,0
"IA, Harrison",19085,Human infections,1,1,0
"IA, Ida",19093,Human infections,1,1,0
"IA, Johnson",19103,Human infections and non-human activity,1,1,1
"IA, Kossuth",19109,Human infections,1,1,0
"IA, Linn",19113,Human infections,1,0,0
"IA, Lucas",19117,Human infections and non-human activity,1,0,0
"IA, Lyon",19119,Human infections,5,4,0
"IA, Mahaska",19123,Human infections,1,1,0
"IA, Marion",19125,Human infections,2,1,0
"IA, Mitchell",19131,Non-human activity,0,0,0
"IA, Muscatine",19139,Non-human activity,0,0,0
"IA, O Brien",19141,Human infections,2,0,0
"IA, Page",19145,Human infections,0,0,1
"IA, Plymouth",19149,Human infections,1,1,1
"IA, Pocahontas",19151,Human infections,1,1,0
"IA, Polk",19153,Human infections and non-human activity,3,2,6
"IA, Pottawattamie",19155,Human infections,1,1,0
"IA, Scott",19163,Human infections,1,1,0
"IA, Shelby",19165,Human infections,1,1,0
"IA, Sioux",19167,Human infections,5,4,0
"IA, Story",19169,Human infections and non-human activity,2,0,1
"IA, Tama",19171,Human infections,2,2,0
"IA, Warren",19181,Human infections,1,1,0
"IA, Webster",19187,Human infections,1,1,0
"IA, Woodbury",19193,Human infections and non-human activity,1,0,0
"IA, Wright",19197,Human infections,1,1,0
"KY, Anderson",21005,Human infections,1,1,0
"KY, Barren",21009,Human infections,1,1,0
"KY, Bourbon",21017,Non-human activity,0,0,0
"KY, Boyle",21021,Non-human activity,0,0,0
"KY, Bullitt",21029,Human infections,1,1,0
"KY, Carter",21043,Non-human activity,0,0,0
"KY, Christian",21047,Non-human activity,0,0,0
"KY, Daviess",21059,Human infections,3,3,0
"KY, Fayette",21067,Human infections and non-human activity,5,5,0
"KY, Franklin",21073,Human infections,1,1,0
"KY, Grayson",21085,Non-human activity,0,0,0
"KY, Harrison",21097,Human infections,1,1,0
"KY, Henderson",21101,Human infections,3,3,0
"KY, Hopkins",21107,Non-human activity,0,0,0
"KY, Jefferson",21111,Human infections,12,9,0
"KY, Jessamine",21113,Non-human activity,0,0,0
"KY, Lawrence",21127,Human infections,1,1,0
"KY, Lewis",21135,Non-human activity,0,0,0
"KY, Lyon",21143,Non-human activity,0,0,0
"KY, Mccracken",21145,Human infections,3,3,0
"KY, Mccreary",21147,Human infections,1,0,0
"KY, Madison",21151,Human infections,1,0,0
"KY, Mercer",21167,Non-human activity,0,0,0
"KY, Nelson",21179,Human infections,1,1,0
"KY, Powell",21197,Human infections,1,1,0
"KY, Rowan",21205,Human infections,1,1,0
"KY, Taylor",21217,Non-human activity,0,0,0
"KY, Woodford",21239,Human infections,1,0,0
"LA, Acadia Parish",22001,Human infections and non-human activity,1,1,1
"LA, Allen Parish",22003,Human infections and non-human activity,2,2,0
"LA, Ascension Parish",22005,Human infections and non-human activity,2,2,0
"LA, Assumption Parish",22007,Human infections and non-human activity,1,1,0
"LA, Beauregard Parish",22011,Human infections,0,0,1
"LA, Bossier Parish",22015,Human infections,1,0,0
"LA, Caddo Parish",22017,Human infections and non-human activity,6,3,0
"LA, Calcasieu Parish",22019,Human infections and non-human activity,2,1,0
"LA, Cameron Parish",22023,Non-human activity,0,0,0
"LA, De Soto Parish",22031,Human infections,3,3,0
"LA, East Baton Rouge Parish",22033,Human infections and non-human activity,10,8,0
"LA, East Feliciana Parish",22037,Human infections and non-human activity,1,1,1
"LA, Evangeline Parish",22039,Human infections,0,0,1
"LA, Grant Parish",22043,Human infections,0,0,1
"LA, Iberia Parish",22045,Non-human activity,0,0,0
"LA, Iberville Parish",22047,Human infections,1,0,0
"LA, Jefferson Parish",22051,Human infections and non-human activity,0,0,1
"LA, Jefferson Davis Parish",22053,Non-human activity,0,0,0
"LA, Lafayette Parish",22055,Non-human activity,0,0,0
"LA, Lafourche Parish",22057,Non-human activity,0,0,0
"LA, Lincoln Parish",22061,Human infections and non-human activity,1,0,0
"LA, Livingston Parish",22063,Human infections,9,8,1
"LA, Morehouse Parish",22067,Human infections,1,0,0
"LA, Orleans Parish",22071,Human infections and non-human activity,2,2,0
"LA, Ouachita Parish",22073,Human infections and non-human activity,7,2,0
"LA, Plaquemines Parish",22075,Non-human activity,0,0,0
"LA, Pointe Coupee Parish",22077,Non-human activity,0,0,0
"LA, Rapides Parish",22079,Human infections,0,0,1
"LA, Red River Parish",22081,Human infections,0,0,1
"LA, St Bernard Parish",22087,Human infections and non-human activity,0,0,1
"LA, St Charles Parish",22089,Human infections and non-human activity,1,1,1
"LA, St James Parish",22093,Non-human activity,0,0,0
"LA, St John the Baptist Parish",22095,Human infections and non-human activity,1,1,0
"LA, St Martin Parish",22099,Non-human activity,0,0,0
"LA, St Mary Parish",22101,Non-human activity,0,0,0
"LA, St Tammany Parish",22103,Human infections and non-human activity,10,10,2
"LA, Tangipahoa Parish",22105,Human infections and non-human activity,5,4,0
"LA, Terrebonne Parish",22109,Non-human activity,0,0,0
"LA, Vernon Parish",22115,Human infections,0,0,1
"LA, Washington Parish",22117,Human infections,2,2,0
"LA, West Baton Rouge Parish",22121,Human infections and non-human activity,1,1,0
"ME, Cumberland",23005,Non-human activity,0,0,0
"ME, Hancock",23009,Human infections and non-human activity,1,1,0
"ME, Kennebec",23011,Non-human activity,0,0,0
"ME, Penobscot",23019,Non-human activity,0,0,0
"ME, Sagadahoc",23023,Non-human activity,0,0,0
"ME, Waldo",23027,Non-human activity,0,0,0
"ME, York",23031,Non-human activity,0,0,0
"MA, Barnstable",25001,Non-human activity,0,0,0
"MA, Berkshire",25003,Non-human activity,0,0,0
"MA, Bristol",25005,Non-human activity,0,0,0
"MA, Essex",25009,Human infections,1,1,0
"MA, Franklin",25011,Non-human activity,0,0,0
"MA, Hampden",25013,Human infections and non-human activity,1,1,0
"MA, Middlesex",25017,Human infections and non-human activity,4,4,0
"MA, Norfolk",25021,Non-human activity,0,0,0
"MA, Plymouth",25023,Non-human activity,0,0,0
"MA, Suffolk",25025,Human infections and non-human activity,1,1,0
"MA, Worcester",25027,Human infections and non-human activity,2,1,0
"MI, Alcona",26001,Non-human activity,0,0,0
"MI, Alger",26003,Non-human activity,0,0,0
"MI, Allegan",26005,Human infections and non-human activity,1,1,0
"MI, Baraga",26013,Non-human activity,0,0,0
"MI, Bay",26017,Non-human activity,0,0,0
"MI, Calhoun",26025,Non-human activity,0,0,0
"MI, Cass",26027,Non-human activity,0,0,0
"MI, Charlevoix",26029,Non-human activity,0,0,0
"MI, Cheboygan",26031,Non-human activity,0,0,0
"MI, Chippewa",26033,Non-human activity,0,0,0
"MI, Delta",26041,Non-human activity,0,0,0
"MI, Dickinson",26043,Non-human activity,0,0,0
"MI, Emmet",26047,Human infections and non-human activity,2,1,0
"MI, Genesee",26049,Non-human activity,0,0,0
"MI, Gogebic",26053,Non-human activity,0,0,0
"MI, Grand Traverse",26055,Non-human activity,0,0,0
"MI, Houghton",26061,Non-human activity,0,0,0
"MI, Huron",26063,Non-human activity,0,0,0
"MI, Ingham",26065,Human infections,1,1,0
"MI, Ionia",26067,Human infections and non-human activity,2,1,0
"MI, Kalamazoo",26077,Human infections and non-human activity,3,2,0
"MI, Kalkaska",26079,Non-human activity,0,0,0
"MI, Kent",26081,Human infections and non-human activity,12,10,0
"MI, Keweenaw",26083,Non-human activity,0,0,0
"MI, Lapeer",26087,Non-human activity,0,0,0
"MI, Livingston",26093,Human infections,1,0,0
"MI, Luce",26095,Non-human activity,0,0,0
"MI, Macomb",26099,Human infections and non-human activity,5,3,0
"MI, Marquette",26103,Non-human activity,0,0,0
"MI, Mason",26105,Non-human activity,0,0,0
"MI, Mecosta",26107,Non-human activity,0,0,0
"MI, Menominee",26109,Non-human activity,0,0,0
"MI, Midland",26111,Non-human activity,0,0,0
"MI, Missaukee",26113,Non-human activity,0,0,0
"MI, Monroe",26115,Human infections,1,1,0
"MI, Montmorency",26119,Non-human activity,0,0,0
"MI, Muskegon",26121,Human infections and non-human activity,1,1,0
"MI, Oakland",26125,Human infections and non-human activity,7,7,0
"MI, Oceana",26127,Non-human activity,0,0,0
"MI, Ontonagon",26131,Non-human activity,0,0,0
"MI, Ottawa",26139,Human infections,2,2,0
"MI, Roscommon",26143,Non-human activity,0,0,0
"MI, Saginaw",26145,Non-human activity,0,0,0
"MI, St Clair",26147,Human infections,1,1,0
"MI, Sanilac",26151,Human infections and non-human activity,2,2,0
"MI, Schoolcraft",26153,Non-human activity,0,0,0
"MI, Tuscola",26157,Human infections and non-human activity,2,0,0
"MI, Washtenaw",26161,Non-human activity,0,0,0
"MI, Wayne",26163,Human infections and non-human activity,7,5,0
"MN, Anoka",27003,Human infections and non-human activity,5,1,2
"MN, Becker",27005,Human infections,1,0,0
"MN, Benton",27009,Human infections,2,2,1
"MN, Blue Earth",27013,Human infections,1,1,0
"MN, Carver",27019,Human infections and non-human activity,7,3,0
"MN, Cass",27021,Human infections,1,1,0
"MN, Chisago",27025,Human infections,1,0,0
"MN, Clay",27027,Human infections,5,3,0
"MN, Cottonwood",27033,Human infections,3,1,0
"MN, Crow Wing",27035,Human infections,1,1,0
"MN, Dakota",27037,Human infections and non-human activity,7,4,2
"MN, Douglas",27041,Human infections,3,3,2
"MN, Fillmore",27045,Non-human activity,0,0,0
"MN, Freeborn",27047,Human infections,1,1,0
"MN, Grant",27051,Human infections,1,0,0
"MN, Hennepin",27053,Human infections and non-human activity,16,10,9
"MN, Itasca",27061,Human infections,1,1,0
"MN, Jackson",27063,Human infections,1,1,0
"MN, Kandiyohi",27067,Human infections and non-human activity,2,2,4
"MN, Kittson",27069,Non-human activity,0,0,0
"MN, Lac Qui Parle",27073,Human infections,1,1,2
"MN, Le Sueur",27079,Human infections and non-human activity,1,0,0
"MN, Lincoln",27081,Human infections,1,0,0
"MN, Lyon",27083,Human infections,6,2,0
"MN, Mcleod",27085,Human infections,1,1,1
"MN, Martin",27091,Human infections,1,1,0
"MN, Meeker",27093,Human infections,1,0,0
"MN, Mille Lacs",27095,Non-human activity,0,0,0
"MN, Morrison",27097,Human infections,2,1,0
"MN, Mower",27099,Human infections,0,0,1
"MN, Murray",27101,Human infections,1,1,0
"MN, Nobles",27105,Human infections,2,2,0
"MN, Otter Tail",27111,Human infections,2,1,0
"MN, Pipestone",27117,Human infections,1,0,0
"MN, Polk",27119,Human infections,3,1,0
"MN, Ramsey",27123,Human infections and non-human activity,3,1,0
"MN, Redwood",27127,Human infections,1,1,0
"MN, Renville",27129,Human infections,2,0,0
"MN, Rice",27131,Non-human activity,0,0,0
"MN, St Louis",27137,Human infections,4,2,0
"MN, Scott",27139,Human infections and non-human activity,8,4,1
"MN, Sherburne",27141,Human infections,2,1,0
"MN, Sibley",27143,Human infections and non-human activity,3,1,1
"MN, Stearns",27145,Human infections and non-human activity,3,3,1
"MN, Steele",27147,Human infections,1,1,0
"MN, Stevens",27149,Human infections,1,1,2
"MN, Swift",27151,Human infections,1,1,1
"MN, Traverse",27155,Human infections,2,1,0
"MN, Wabasha",27157,Non-human activity,0,0,0
"MN, Wadena",27159,Non-human activity,0,0,0
"MN, Waseca",27161,Human infections,1,1,0
"MN, Washington",27163,Human infections and non-human activity,1,0,1
"MN, Watonwan",27165,Human infections,0,0,1
"MN, Winona",27169,Human infections,1,1,0
"MN, Wright",27171,Human infections,4,2,1
"MN, Yellow Medicine",27173,Human infections and non-human activity,2,1,0
"MS, Alcorn",28003,Human infections,2,2,0
"MS, Attala",28007,Human infections,1,1,0
"MS, Bolivar",28011,Non-human activity,0,0,0
"MS, Calhoun",28013,Human infections,0,0,1
"MS, Chickasaw",28017,Human infections,1,1,0
"MS, Coahoma",28027,Human infections,0,0,1
"MS, Copiah",28029,Human infections,3,1,0
"MS, De Soto",28033,Human infections,2,2,0
"MS, Forrest",28035,Human infections,1,1,0
"MS, Grenada",28043,Human infections,1,1,0
"MS, Hancock",28045,Non-human activity,0,0,0
"MS, Harrison",28047,Human infections and non-human activity,1,1,0
"MS, Hinds",28049,Human infections and non-human activity,5,4,1
"MS, Humphreys",28053,Human infections,0,0,1
"MS, Jackson",28059,Human infections and non-human activity,3,2,1
"MS, Lamar",28073,Human infections,0,0,1
"MS, Lawrence",28077,Human infections,1,1,0
"MS, Lee",28081,Human infections,1,1,0
"MS, Lincoln",28085,Human infections and non-human activity,0,0,1
"MS, Lowndes",28087,Human infections,1,1,0
"MS, Madison",28089,Human infections and non-human activity,4,2,0
"MS, Monroe",28095,Human infections,2,1,1
"MS, Oktibbeha",28105,Human infections and non-human activity,1,1,0
"MS, Prentiss",28117,Human infections,1,1,0
"MS, Rankin",28121,Human infections and non-human activity,2,1,2
"MS, Union",28145,Human infections,1,1,0
"MS, Washington",28151,Human infections and non-human activity,2,2,0
"MS, Yalobusha",28161,Human infections,1,1,1
"MS, Yazoo",28163,Human infections,0,0,2
"MO, Audrain",29007,Human infections,1,1,0
"MO, Boone",29019,Human infections,0,0,1
"MO, Buchanan",29021,Human infections,2,1,0
"MO, Butler",29023,Human infections,2,2,0
"MO, Clay",29047,Human infections,2,1,1
"MO, Franklin",29071,Human infections,0,0,2
"MO, Greene",29077,Human infections,2,2,0
"MO, Grundy",29079,Human infections,1,1,0
"MO, Harrison",29081,Human infections,1,1,0
"MO, Jackson",29095,Human infections and non-human activity,3,3,2
"MO, Jasper",29097,Human infections,0,0,1
"MO, Jefferson",29099,Human infections and non-human activity,2,2,0
"MO, Johnson",29101,Non-human activity,0,0,0
"MO, Livingston",29117,Human infections,1,1,0
"MO, Montgomery",29139,Non-human activity,0,0,0
"MO, New Madrid",29143,Human infections,1,1,0
"MO, Newton",29145,Human infections,0,0,1
"MO, Oregon",29149,Human infections,1,0,0
"MO, Pettis",29159,Non-human activity,0,0,0
"MO, Phelps",29161,Non-human activity,0,0,0
"MO, Platte",29165,Human infections,1,1,0
"MO, St Charles",29183,Human infections,3,3,0
"MO, St Louis",29189,Human infections and non-human activity,8,8,1
"MO, Schuyler",29197,Non-human activity,0,0,0
"MO, Stoddard",29207,Non-human activity,0,0,0
"MO, Stone",29209,Human infections,2,1,0
"MO, Texas",29215,Non-human activity,0,0,0
"MO, Vernon",29217,Human infections,0,0,1
"MO, St Louis City",29510,Human infections,10,10,4
"MT, Big Horn",30003,Human infections,1,1,0
"MT, Broadwater",30007,Human infections,1,0,1
"MT, Carbon",30009,Human infections,2,2,0
"MT, Cascade",30013,Non-human activity,0,0,0
"MT, Custer",30017,Human infections and non-human activity,1,1,0
"MT, Daniels",30019,Non-human activity,0,0,0
"MT, Dawson",30021,Human infections and non-human activity,1,0,0
"MT, Lewis and Clark",30049,Non-human activity,0,0,0
"MT, Phillips",30071,Human infections,1,1,0
"MT, Powder River",30075,Human infections,1,1,0
"MT, Prairie",30079,Human infections and non-human activity,0,0,1
"MT, Rosebud",30087,Human infections and non-human activity,2,0,1
"MT, Sheridan",30091,Non-human activity,0,0,0
"MT, Sweet Grass",30097,Human infections and non-human activity,1,1,0
"MT, Yellowstone",30111,Human infections,5,4,3
"NE, Adams",31001,Human infections and non-human activity,3,0,0
"NE, Antelope",31003,Human infections,2,0,0
"NE, Boone",31011,Human infections,1,0,0
"NE, Box Butte",31013,Human infections and non-human activity,1,1,0
"NE, Brown",31017,Human infections,1,1,0
"NE, Butler",31023,Human infections,1,0,0
"NE, Cass",31025,Human infections,1,1,0
"NE, Chase",31029,Human infections,1,0,0
"NE, Clay",31035,Human infections,1,0,1
"NE, Cuming",31039,Human infections,1,0,0
"NE, Custer",31041,Human infections,1,0,0
"NE, Dakota",31043,Non-human activity,0,0,0
"NE, Dawes",31045,Human infections,2,2,0
"NE, Dawson",31047,Non-human activity,0,0,0
"NE, Dixon",31051,Human infections,1,0,1
"NE, Dodge",31053,Human infections and non-human activity,3,1,1
"NE, Douglas",31055,Human infections and non-human activity,4,1,1
"NE, Gage",31067,Human infections,1,1,0
"NE, Garfield",31071,Non-human activity,0,0,0
"NE, Hall",31079,Non-human activity,0,0,0
"NE, Hamilton",31081,Human infections,1,1,0
"NE, Holt",31089,Non-human activity,0,0,0
"NE, Keith",31101,Human infections,1,0,1
"NE, Knox",31107,Human infections,1,1,0
"NE, Lancaster",31109,Human infections and non-human activity,3,1,0
"NE, Lincoln",31111,Human infections and non-human activity,3,2,1
"NE, Morrill",31123,Human infections,1,0,0
"NE, Nance",31125,Human infections,1,0,0
"NE, Pierce",31139,Human infections,2,0,0
"NE, Platte",31141,Human infections and non-human activity,2,1,0
"NE, Polk",31143,Human infections,1,0,0
"NE, Red Willow",31145,Non-human activity,0,0,0
"NE, Saline",31151,Non-human activity,0,0,0
"NE, Sarpy",31153,Human infections,1,0,0
"NE, Saunders",31155,Human infections,1,1,3
"NE, Scotts Bluff",31157,Human infections and non-human activity,8,4,0
"NE, Sheridan",31161,Human infections,1,0,0
"NE, Thayer",31169,Human infections,1,1,0
"NE, Washington",31177,Non-human activity,0,0,0
"NE, Wayne",31179,Human infections and non-human activity,1,1,0
"NV, Churchill",32001,Non-human activity,0,0,0
"NV, Clark",32003,Non-human activity,0,0,0
"NV, Humboldt",32013,Non-human activity,0,0,0
"NV, Lander",32015,Human infections,1,1,0
"NV, Nye",32023,Human infections,1,0,0
"NH, Hillsborough",33011,Non-human activity,0,0,0
"NH, Rockingham",33015,Non-human activity,0,0,0
"NJ, Atlantic",34001,Human infections and non-human activity,2,2,0
"NJ, Bergen",34003,Human infections and non-human activity,2,1,0
"NJ, Burlington",34005,Human infections and non-human activity,2,1,2
"NJ, Camden",34007,Human infections and non-human activity,1,1,0
"NJ, Cape May",34009,Non-human activity,0,0,0
"NJ, Cumberland",34011,Non-human activity,0,0,0
"NJ, Essex",34013,Human infections and non-human activity,1,1,0
"NJ, Gloucester",34015,Human infections and non-human activity,1,1,0
"NJ, Hudson",34017,Human infections and non-human activity,1,1,0
"NJ, Hunterdon",34019,Non-human activity,0,0,0
"NJ, Mercer",34021,Human infections and non-human activity,1,1,0
"NJ, Middlesex",34023,Human infections and non-human activity,3,3,2
"NJ, Monmouth",34025,Human infections and non-human activity,2,2,0
"NJ, Morris",34027,Human infections and non-human activity,2,1,0
"NJ, Ocean",34029,Non-human activity,0,0,0
"NJ, Passaic",34031,Human infections and non-human activity,1,1,0
"NJ, Salem",34033,Non-human activity,0,0,0
"NJ, Somerset",34035,Non-human activity,0,0,0
"NJ, Sussex",34037,Human infections and non-human activity,1,0,1
"NJ, Union",34039,Human infections and non-human activity,2,1,0
"NJ, Warren",34041,Non-human activity,0,0,0
"NM, Bernalillo",35001,Human infections,12,12,3
"NM, Chaves",35005,Human infections and non-human activity,6,5,4
"NM, Cibola",35006,Non-human activity,0,0,0
"NM, Curry",35009,Human infections and non-human activity,1,1,0
"NM, Dona Ana",35013,Human infections and non-human activity,5,5,0
"NM, Eddy",35015,Human infections and non-human activity,4,3,2
"NM, Lea",35025,Human infections and non-human activity,3,2,0
"NM, Lincoln",35027,Human infections and non-human activity,2,2,0
"NM, Otero",35035,Human infections,3,2,0
"NM, Quay",35037,Human infections,1,1,0
"NM, Sandoval",35043,Human infections,1,1,0
"NM, San Juan",35045,Human infections,8,5,0
"NM, Santa Fe",35049,Human infections,1,1,0
"NM, Socorro",35053,Non-human activity,0,0,0
"NM, Taos",35055,Human infections and non-human activity,1,0,0
"NM, Valencia",35061,Human infections,3,3,0
"NY, Albany",36001,Human infections,2,2,0
"NY, Bronx",36005,Human infections and non-human activity,3,3,0
"NY, Cattaraugus",36009,Non-human activity,0,0,0
"NY, Chautauqua",36013,Non-human activity,0,0,0
"NY, Dutchess",36027,Human infections,1,1,0
"NY, Erie",36029,Human infections and non-human activity,7,5,4
"NY, Franklin",36033,Human infections,1,1,0
"NY, Kings",36047,Human infections and non-human activity,4,3,1
"NY, Madison",36053,Non-human activity,0,0,0
"NY, Monroe",36055,Human infections,2,1,1
"NY, Nassau",36059,Human infections and non-human activity,8,6,1
"NY, New York",36061,Human infections and non-human activity,3,3,0
"NY, Niagara",36063,Human infections,1,1,0
"NY, Oneida",36065,Human infections,1,1,0
"NY, Onondaga",36067,Human infections and non-human activity,5,4,1
"NY, Ontario",36069,Human infections,1,1,0
"NY, Orange",36071,Non-human activity,0,0,0
"NY, Oswego",36075,Non-human activity,0,0,0
"NY, Queens",36081,Human infections and non-human activity,5,4,0
"NY, Richmond",36085,Human infections and non-human activity,3,3,2
"NY, Rockland",36087,Human infections and non-human activity,1,1,0
"NY, St Lawrence",36089,Non-human activity,0,0,0
"NY, Schenectady",36093,Human infections,1,1,0
"NY, Seneca",36099,Non-human activity,0,0,0
"NY, Suffolk",36103,Human infections and non-human activity,5,3,2
"NY, Westchester",36119,Human infections and non-human activity,5,5,1
"NC, Buncombe",37021,Human infections,1,1,0
"NC, Chatham",37037,Non-human activity,0,0,0
"NC, Durham",37063,Human infections,3,3,0
"NC, Guilford",37081,Human infections,2,2,0
"NC, Lenoir",37107,Human infections,1,1,0
"NC, Mecklenburg",37119,Human infections,1,1,0
"NC, Pasquotank",37139,Human infections,1,1,0
"NC, Rowan",37159,Human infections,1,1,0
"ND, Barnes",38003,Human infections,3,3,0
"ND, Billings",38007,Non-human activity,0,0,0
"ND, Bottineau",38009,Human infections,3,3,0
"ND, Burleigh",38015,Human infections and non-human activity,16,13,1
"ND, Cass",38017,Human infections and non-human activity,18,5,3
"ND, Dickey",38021,Human infections,3,1,0
"ND, Divide",38023,Human infections,2,0,0
"ND, Grand Forks",38035,Human infections and non-human activity,2,1,0
"ND, Griggs",38039,Human infections,1,0,0
"ND, Hettinger",38041,Human infections,2,1,0
"ND, Kidder",38043,Human infections,1,0,0
"ND, Mchenry",38049,Human infections,4,4,1
"ND, Mcintosh",38051,Human infections,1,0,2
"ND, Mckenzie",38053,Non-human activity,0,0,0
"ND, Mclean",38055,Human infections and non-human activity,2,2,0
"ND, Mercer",38057,Human infections,7,2,0
"ND, Morton",38059,Human infections,1,0,1
"ND, Mountrail",38061,Human infections,4,1,0
"ND, Nelson",38063,Human infections,0,0,1
"ND, Pembina",38067,Human infections,2,1,0
"ND, Richland",38077,Human infections and non-human activity,1,0,0
"ND, Rolette",38079,Non-human activity,0,0,0
"ND, Stark",38089,Human infections,3,3,0
"ND, Steele",38091,Non-human activity,0,0,0
"ND, Stutsman",38093,Human infections,2,1,1
"ND, Walsh",38099,Human infections,2,1,0
"ND, Ward",38101,Human infections and non-human activity,4,0,0
"ND, Williams",38105,Human infections and non-human activity,2,1,0
"OH, Ashtabula",39007,Non-human activity,0,0,0
"OH, Athens",39009,Non-human activity,0,0,0
"OH, Brown",39015,Non-human activity,0,0,0
"OH, Butler",39017,Human infections,1,1,0
"OH, Carroll",39019,Non-human activity,0,0,0
"OH, Clark",39023,Non-human activity,0,0,0
"OH, Clermont",39025,Human infections,1,1,1
"OH, Clinton",39027,Human infections,0,0,1
"OH, Columbiana",39029,Human infections,1,0,0
"OH, Coshocton",39031,Non-human activity,0,0,0
"OH, Cuyahoga",39035,Human infections and non-human activity,9,7,0
"OH, Darke",39037,Human infections,1,1,0
"OH, Delaware",39041,Non-human activity,0,0,0
"OH, Fairfield",39045,Non-human activity,0,0,0
"OH, Franklin",39049,Human infections and non-human activity,7,5,1
"OH, Fulton",39051,Human infections,1,1,0
"OH, Gallia",39053,Non-human activity,0,0,0
"OH, Geauga",39055,Non-human activity,0,0,0
"OH, Greene",39057,Human infections and non-human activity,0,0,1
"OH, Hamilton",39061,Human infections and non-human activity,1,1,4
"OH, Hancock",39063,Human infections and non-human activity,1,1,0
"OH, Hardin",39065,Human infections,0,0,1
"OH, Harrison",39067,Non-human activity,0,0,0
"OH, Highland",39071,Non-human activity,0,0,0
"OH, Hocking",39073,Non-human activity,0,0,0
"OH, Knox",39083,Non-human activity,0,0,0
"OH, Lake",39085,Human infections and non-human activity,1,0,0
"OH, Licking",39089,Non-human activity,0,0,0
"OH, Logan",39091,Human infections and non-human activity,1,1,0
"OH, Lorain",39093,Non-human activity,0,0,0
"OH, Lucas",39095,Human infections,4,4,1
"OH, Madison",39097,Human infections,0,0,1
"OH, Mahoning",39099,Non-human activity,0,0,0
"OH, Marion",39101,Human infections and non-human activity,1,1,0
"OH, Medina",39103,Human infections and non-human activity,1,1,0
"OH, Meigs",39105,Non-human activity,0,0,0
"OH, Mercer",39107,Human infections,0,0,3
"OH, Miami",39109,Human infections,1,1,0
"OH, Montgomery",39113,Human infections and non-human activity,4,2,2
"OH, Morgan",39115,Non-human activity,0,0,0
"OH, Morrow",39117,Non-human activity,0,0,0
"OH, Muskingum",39119,Non-human activity,0,0,0
"OH, Perry",39127,Non-human activity,0,0,0
"OH, Pickaway",39129,Human infections and non-human activity,1,0,0
"OH, Portage",39133,Human infections and non-human activity,2,1,0
"OH, Putnam",39137,Human infections,1,1,0
"OH, Richland",39139,Non-human activity,0,0,0
"OH, Ross",39141,Non-human activity,0,0,0
"OH, Sandusky",39143,Non-human activity,0,0,0
"OH, Scioto",39145,Non-human activity,0,0,0
"OH, Shelby",39149,Non-human activity,0,0,0
"OH, Stark",39151,Human infections and non-human activity,2,2,0
"OH, Summit",39153,Human infections and non-human activity,1,0,0
"OH, Trumbull",39155,Human infections and non-human activity,1,1,0
"OH, Tuscarawas",39157,Non-human activity,0,0,0
"OH, Vinton",39163,Non-human activity,0,0,0
"OH, Warren",39165,Human infections and non-human activity,1,1,1
"OH, Wayne",39169,Human infections and non-human activity,0,0,1
"OH, Wood",39173,Human infections and non-human activity,0,0,1
"OH, Wyandot",39175,Non-human activity,0,0,0
"OK, Adair",40001,Non-human activity,0,0,0
"OK, Beckham",40009,Non-human activity,0,0,0
"OK, Bryan",40013,Non-human activity,0,0,0
"OK, Bryan",40013,Non-human activity,0,0,0
"OK, Caddo",40015,Human infections,1,1,0
"OK, Canadian",40017,Human infections and non-human activity,1,1,1
"OK, Carter",40019,Human infections and non-human activity,2,1,0
"OK, Choctaw",40023,Non-human activity,0,0,0
"OK, Cleveland",40027,Human infections,5,4,0
"OK, Coal",40029,Non-human activity,0,0,0
"OK, Coal",40029,Non-human activity,0,0,0
"OK, Comanche",40031,Human infections and non-human activity,2,0,2
"OK, Cotton",40033,Human infections,0,0,1
"OK, Creek",40037,Non-human activity,0,0,0
"OK, Garfield",40047,Human infections and non-human activity,1,1,0
"OK, Garvin",40049,Human infections and non-human activity,2,2,0
"OK, Jackson",40065,Human infections and non-human activity,6,3,0
"OK, Kay",40071,Human infections and non-human activity,1,0,0
"OK, Kingfisher",40073,Non-human activity,0,0,0
"OK, Kiowa",40075,Human infections and non-human activity,1,1,0
"OK, Latimer",40077,Non-human activity,0,0,0
"OK, Le Flore",40079,Non-human activity,0,0,0
"OK, Logan",40083,Human infections,1,1,0
"OK, Mcclain",40087,Non-human activity,0,0,0
"OK, Mccurtain",40089,Non-human activity,0,0,0
"OK, Major",40093,Human infections,1,1,0
"OK, Marshall",40095,Non-human activity,0,0,0
"OK, Mayes",40097,Human infections and non-human activity,1,1,0
"OK, Muskogee",40101,Human infections and non-human activity,1,0,1
"OK, Nowata",40105,Non-human activity,0,0,0
"OK, Oklahoma",40109,Human infections and non-human activity,17,16,0
"OK, Okmulgee",40111,Non-human activity,0,0,0
"OK, Osage",40113,Non-human activity,0,0,0
"OK, Ottawa",40115,Non-human activity,0,0,0
"OK, Pawnee",40117,Human infections,1,1,0
"OK, Pittsburg",40121,Non-human activity,0,0,0
"OK, Pittsburg",40121,Non-human activity,0,0,0
"OK, Pontotoc",40123,Non-human activity,0,0,0
"OK, Pottawatomie",40125,Human infections and non-human activity,1,1,0
"OK, Seminole",40133,Non-human activity,0,0,0
"OK, Stephens",40137,Human infections,1,1,0
"OK, Texas",40139,Non-human activity,0,0,0
"OK, Tulsa",40143,Human infections and non-human activity,9,5,1
"OK, Wagoner",40145,Non-human activity,0,0,0
"OK, Woodward",40153,Non-human activity,0,0,0
"OR, Baker",41001,Non-human activity,0,0,0
"OR, Deschutes",41017,Human infections,1,1,0
"OR, Jackson",41029,Non-human activity,0,0,0
"OR, Lake",41037,Non-human activity,0,0,0
"OR, Lane",41039,Human infections,1,1,0
"OR, Malheur",41045,Non-human activity,0,0,0
"OR, Morrow",41049,Non-human activity,0,0,0
"PA, Adams",42001,Non-human activity,0,0,0
"PA, Allegheny",42003,Human infections and non-human activity,6,4,0
"PA, Armstrong",42005,Non-human activity,0,0,0
"PA, Beaver",42007,Non-human activity,0,0,0
"PA, Bedford",42009,Non-human activity,0,0,0
"PA, Berks",42011,Human infections and non-human activity,6,5,1
"PA, Blair",42013,Human infections and non-human activity,1,0,0
"PA, Bradford",42015,Non-human activity,0,0,0
"PA, Bucks",42017,Human infections and non-human activity,6,5,1
"PA, Butler",42019,Human infections,1,1,0
"PA, Cambria",42021,Human infections and non-human activity,1,1,0
"PA, Cameron",42023,Non-human activity,0,0,0
"PA, Carbon",42025,Non-human activity,0,0,0
"PA, Centre",42027,Non-human activity,0,0,0
"PA, Chester",42029,Human infections and non-human activity,2,1,0
"PA, Clearfield",42033,Non-human activity,0,0,0
"PA, Clinton",42035,Non-human activity,0,0,0
"PA, Columbia",42037,Non-human activity,0,0,0
"PA, Crawford",42039,Non-human activity,0,0,0
"PA, Cumberland",42041,Human infections and non-human activity,4,2,1
"PA, Dauphin",42043,Human infections and non-human activity,3,3,0
"PA, Delaware",42045,Human infections and non-human activity,3,2,0
"PA, Elk",42047,Non-human activity,0,0,0
"PA, Erie",42049,Non-human activity,0,0,0
"PA, Fayette",42051,Human infections and non-human activity,1,1,0
"PA, Forest",42053,Non-human activity,0,0,0
"PA, Franklin",42055,Non-human activity,0,0,0
"PA, Fulton",42057,Non-human activity,0,0,0
"PA, Greene",42059,Non-human activity,0,0,0
"PA, Huntingdon",42061,Non-human activity,0,0,0
"PA, Indiana",42063,Non-human activity,0,0,0
"PA, Jefferson",42065,Non-human activity,0,0,0
"PA, Juniata",42067,Non-human activity,0,0,0
"PA, Lackawanna",42069,Human infections and non-human activity,1,1,0
"PA, Lancaster",42071,Human infections and non-human activity,21,14,5
"PA, Lawrence",42073,Human infections and non-human activity,1,1,0
"PA, Lebanon",42075,Human infections and non-human activity,5,4,1
"PA, Lehigh",42077,Human infections and non-human activity,3,3,0
"PA, Luzerne",42079,Non-human activity,0,0,0
"PA, Lycoming",42081,Non-human activity,0,0,0
"PA, Mckean",42083,Human infections and non-human activity,1,1,0
"PA, Mercer",42085,Non-human activity,0,0,0
"PA, Mifflin",42087,Non-human activity,0,0,0
"PA, Monroe",42089,Non-human activity,0,0,0
"PA, Montgomery",42091,Human infections and non-human activity,4,3,3
"PA, Montour",42093,Non-human activity,0,0,0
"PA, Northampton",42095,Non-human activity,0,0,0
"PA, Northumberland",42097,Non-human activity,0,0,0
"PA, Perry",42099,Non-human activity,0,0,0
"PA, Philadelphia",42101,Human infections and non-human activity,3,2,0
"PA, Pike",42103,Non-human activity,0,0,0
"PA, Potter",42105,Non-human activity,0,0,0
"PA, Schuylkill",42107,Human infections and non-human activity,1,1,0
"PA, Snyder",42109,Non-human activity,0,0,0
"PA, Somerset",42111,Human infections and non-human activity,1,1,0
"PA, Sullivan",42113,Non-human activity,0,0,0
"PA, Susquehanna",42115,Non-human activity,0,0,0
"PA, Tioga",42117,Non-human activity,0,0,0
"PA, Union",42119,Non-human activity,0,0,0
"PA, Venango",42121,Non-human activity,0,0,0
"PA, Warren",42123,Non-human activity,0,0,0
"PA, Washington",42125,Human infections and non-human activity,1,0,0
"PA, Wayne",42127,Non-human activity,0,0,0
"PA, Westmoreland",42129,Non-human activity,0,0,0
"PA, Wyoming",42131,Non-human activity,0,0,0
"PA, York",42133,Human infections and non-human activity,3,3,0
"RI, Bristol",44001,Non-human activity,0,0,0
"RI, Kent",44003,Non-human activity,0,0,0
"RI, Providence",44007,Human infections and non-human activity,2,2,0
"RI, Washington",44009,Non-human activity,0,0,0
"SC, Cherokee",45021,Non-human activity,0,0,0
"SD, Aurora",46003,Human infections,1,1,0
"SD, Beadle",46005,Human infections and non-human activity,5,1,0
"SD, Bon Homme",46009,Human infections,4,3,0
"SD, Brookings",46011,Human infections and non-human activity,5,1,1
"SD, Brown",46013,Human infections and non-human activity,5,0,1
"SD, Charles Mix",46023,Human infections,1,1,0
"SD, Clay",46027,Human infections,2,1,0
"SD, Codington",46029,Human infections and non-human activity,3,1,1
"SD, Corson",46031,Human infections,1,0,0
"SD, Douglas",46043,Human infections,1,0,0
"SD, Grant",46051,Human infections,3,1,0
"SD, Gregory",46053,Human infections,1,1,0
"SD, Haakon",46055,Human infections,1,1,0
"SD, Hamlin",46057,Human infections,1,1,0
"SD, Hand",46059,Human infections,1,1,0
"SD, Hughes",46065,Human infections and non-human activity,1,1,0
"SD, Hutchinson",46067,Human infections,3,2,0
"SD, Lawrence",46081,Human infections,2,1,0
"SD, Lincoln",46083,Human infections and non-human activity,6,3,0
"SD, Marshall",46091,Human infections,1,1,0
"SD, Meade",46093,Human infections and non-human activity,2,0,1
"SD, Miner",46097,Human infections,2,1,0
"SD, Minnehaha",46099,Human infections and non-human activity,17,8,2
"SD, Moody",46101,Non-human activity,0,0,0
"SD, Pennington",46103,Human infections,3,2,2
"SD, Roberts",46109,Human infections,1,0,0
"SD, Sanborn",46111,Human infections,2,0,0
"SD, Spink",46115,Human infections,4,1,1
"SD, Stanley",46117,Human infections,1,1,0
"SD, Todd",46121,Human infections,1,1,0
"SD, Walworth",46129,Human infections,4,0,0
"SD, Yankton",46135,Human infections,1,0,0
"TN, Bedford",47003,Non-human activity,0,0,0
"TN, Carroll",47017,Human infections,1,1,0
"TN, Davidson",47037,Non-human activity,0,0,0
"TN, Giles",47055,Human infections,1,1,0
"TN, Hamilton",47065,Non-human activity,0,0,0
"TN, Knox",47093,Human infections and non-human activity,1,0,0
"TN, Lincoln",47103,Non-human activity,0,0,0
"TN, Madison",47113,Human infections,1,1,0
"TN, Sevier",47155,Human infections,1,1,0
"TN, Shelby",47157,Human infections and non-human activity,11,8,0
"TN, Sumner",47165,Human infections and non-human activity,1,1,0
"TN, Tipton",47167,Human infections,1,1,0
"TN, Wilson",47189,Non-human activity,0,0,0
"TX, Anderson",48001,Non-human activity,0,0,0
"TX, Angelina",48005,Human infections,1,1,0
"TX, Armstrong",48011,Non-human activity,0,0,0
"TX, Baylor",48023,Non-human activity,0,0,0
"TX, Bell",48027,Non-human activity,0,0,0
"TX, Bexar",48029,Human infections and non-human activity,4,3,1
"TX, Brazoria",48039,Human infections and non-human activity,0,0,1
"TX, Brazos",48041,Human infections and non-human activity,1,0,0
"TX, Brewster",48043,Non-human activity,0,0,0
"TX, Burnet",48053,Non-human activity,0,0,0
"TX, Callahan",48059,Non-human activity,0,0,0
"TX, Cass",48067,Human infections,0,0,1
"TX, Castro",48069,Human infections and non-human activity,1,1,0
"TX, Chambers",48071,Human infections,1,1,0
"TX, Cherokee",48073,Human infections,1,1,0
"TX, Clay",48077,Non-human activity,0,0,0
"TX, Collin",48085,Human infections and non-human activity,3,2,0
"TX, Cooke",48097,Human infections and non-human activity,4,2,0
"TX, Dallam",48111,Human infections,1,1,0
"TX, Dallas",48113,Human infections and non-human activity,9,6,2
"TX, Dawson",48115,Human infections,0,0,1
"TX, Deaf Smith",48117,Human infections,1,1,0
"TX, Denton",48121,Human infections and non-human activity,3,2,0
"TX, Dickens",48125,Human infections and non-human activity,1,1,0
"TX, Ellis",48139,Non-human activity,0,0,0
"TX, El Paso",48141,Human infections and non-human activity,5,3,2
"TX, Erath",48143,Human infections and non-human activity,1,1,0
"TX, Fayette",48149,Non-human activity,0,0,0
"TX, Foard",48155,Non-human activity,0,0,0
"TX, Fort Bend",48157,Human infections and non-human activity,0,0,3
"TX, Gaines",48165,Human infections,0,0,1
"TX, Grayson",48181,Human infections and non-human activity,1,0,0
"TX, Gregg",48183,Human infections,0,0,1
"TX, Grimes",48185,Human infections,1,0,0
"TX, Hale",48189,Human infections,0,0,1
"TX, Harris",48201,Human infections and non-human activity,7,5,6
"TX, Harrison",48203,Human infections,1,1,1
"TX, Hays",48209,Human infections and non-human activity,1,0,0
"TX, Henderson",48213,Human infections,1,1,0
"TX, Hill",48217,Human infections,0,0,1
"TX, Hockley",48219,Human infections,1,0,0
"TX, Howard",48227,Human infections,1,1,0
"TX, Hunt",48231,Human infections and non-human activity,3,3,1
"TX, Jeff Davis",48243,Non-human activity,0,0,0
"TX, Jefferson",48245,Non-human activity,0,0,0
"TX, Jim Wells",48249,Non-human activity,0,0,0
"TX, Johnson",48251,Non-human activity,0,0,0
"TX, Jones",48253,Human infections,1,0,0
"TX, Kaufman",48257,Human infections and non-human activity,0,0,1
"TX, Kendall",48259,Non-human activity,0,0,0
"TX, Lamb",48279,Human infections,1,1,0
"TX, Lampasas",48281,Non-human activity,0,0,0
"TX, Lee",48287,Non-human activity,0,0,0
"TX, Liberty",48291,Human infections and non-human activity,2,2,1
"TX, Lipscomb",48295,Human infections,1,1,0
"TX, Live Oak",48297,Non-human activity,0,0,0
"TX, Lubbock",48303,Human infections and non-human activity,13,10,6
"TX, Mclennan",48309,Non-human activity,0,0,0
"TX, Midland",48329,Human infections and non-human activity,2,2,0
"TX, Montague",48337,Non-human activity,0,0,0
"TX, Montgomery",48339,Human infections and non-human activity,9,7,5
"TX, Navarro",48349,Human infections,2,2,0
"TX, Nueces",48355,Non-human activity,0,0,0
"TX, Ochiltree",48357,Human infections,1,1,0
"TX, Orange",48361,Non-human activity,0,0,0
"TX, Parker",48367,Human infections and non-human activity,0,0,1
"TX, Parmer",48369,Non-human activity,0,0,0
"TX, Pecos",48371,Non-human activity,0,0,0
"TX, Potter",48375,Human infections and non-human activity,2,1,0
"TX, Randall",48381,Human infections and non-human activity,5,0,2
"TX, Rockwall",48397,Human infections and non-human activity,1,0,2
"TX, Scurry",48415,Human infections and non-human activity,0,0,1
"TX, Smith",48423,Human infections,0,0,2
"TX, Somervell",48425,Human infections,1,0,1
"TX, Stephens",48429,Human infections,1,1,0
"TX, Tarrant",48439,Human infections and non-human activity,17,11,0
"TX, Taylor",48441,Human infections and non-human activity,1,1,0
"TX, Titus",48449,Human infections and non-human activity,1,1,0
"TX, Tom Green",48451,Human infections and non-human activity,2,2,0
"TX, Travis",48453,Human infections and non-human activity,4,3,3
"TX, Walker",48471,Human infections and non-human activity,1,1,0
"TX, Waller",48473,Non-human activity,0,0,0
"TX, Washington",48477,Non-human activity,0,0,0
"TX, Webb",48479,Non-human activity,0,0,0
"TX, Wharton",48481,Non-human activity,0,0,0
"TX, Wichita",48485,Human infections and non-human activity,2,2,2
"TX, Wilbarger",48487,Human infections,1,1,0
"TX, Williamson",48491,Human infections and non-human activity,1,1,1
"TX, Wilson",48493,Human infections,0,0,1
"TX, Wood",48499,Non-human activity,0,0,0
"TX, Young",48503,Human infections,1,0,0
"UT, Beaver",49001,Non-human activity,0,0,0
"UT, Box Elder",49003,Human infections and non-human activity,2,1,0
"UT, Cache",49005,Human infections and non-human activity,15,10,3
"UT, Davis",49011,Human infections and non-human activity,7,6,1
"UT, Duchesne",49013,Human infections and non-human activity,1,1,0
"UT, Grand",49019,Non-human activity,0,0,0
"UT, Juab",49023,Non-human activity,0,0,0
"UT, Rich",49033,Non-human activity,0,0,0
"UT, Salt Lake",49035,Human infections and non-human activity,8,7,1
"UT, San Juan",49037,Non-human activity,0,0,0
"UT, Summit",49043,Non-human activity,0,0,0
"UT, Tooele",49045,Non-human activity,0,0,0
"UT, Uintah",49047,Non-human activity,0,0,0
"UT, Utah",49049,Human infections and non-human activity,15,13,2
"UT, Weber",49057,Non-human activity,0,0,0
"VT, Addison",50001,Non-human activity,0,0,0
"VT, Bennington",50003,Non-human activity,0,0,0
"VT, Caledonia",50005,Non-human activity,0,0,0
"VT, Chittenden",50007,Non-human activity,0,0,0
"VT, Essex",50009,Non-human activity,0,0,0
"VT, Franklin",50011,Non-human activity,0,0,0
"VT, Grand Isle",50013,Non-human activity,0,0,0
"VT, Lamoille",50015,Non-human activity,0,0,0
"VT, Orleans",50019,Non-human activity,0,0,0
"VT, Washington",50023,Non-human activity,0,0,0
"VT, Windham",50025,Non-human activity,0,0,0
"VA, Arlington",51013,Human infections,1,1,0
"VA, Bedford",51019,Human infections,1,0,0
"VA, Craig",51045,Human infections,1,0,0
"VA, Fairfax",51059,Human infections and non-human activity,9,5,2
"VA, Fauquier",51061,Non-human activity,0,0,0
"VA, Henrico",51087,Human infections and non-human activity,1,1,0
"VA, Loudoun",51107,Human infections and non-human activity,1,1,0
"VA, Louisa",51109,Human infections,1,1,0
"VA, Mecklenburg",51117,Human infections,1,1,0
"VA, Orange",51137,Non-human activity,0,0,0
"VA, Prince William",51153,Human infections,2,0,0
"VA, Shenandoah",51171,Human infections,3,1,0
"VA, Warren",51187,Human infections and non-human activity,1,1,0
"VA, York",51199,Non-human activity,0,0,0
"VA, Alexandria City",51510,Human infections,3,3,0
"VA, Chesapeake City",51550,Human infections and non-human activity,1,0,0
"VA, Fairfax City",51600,Non-human activity,0,0,0
"VA, Hampton City",51650,Human infections,1,1,0
"VA, Norfolk City",51710,Human infections,2,2,0
"VA, Roanoke City",51770,Human infections,1,1,0
"VA, Suffolk City",51800,Non-human activity,0,0,0
"WA, Benton",53005,Non-human activity,0,0,0
"WA, Grant",53025,Non-human activity,0,0,0
"WA, King",53033,Human infections,1,1,1
"WA, Yakima",53077,Human infections and non-human activity,1,1,0
"WV, Hampshire",54027,Human infections,1,1,0
"WV, Jefferson",54037,Human infections,1,1,0
"WI, Barron",55005,Human infections,1,0,1
"WI, Chippewa",55017,Human infections,1,1,0
"WI, Clark",55019,Human infections and non-human activity,1,1,0
"WI, Dane",55025,Human infections,3,3,0
"WI, Dunn",55033,Human infections,0,0,1
"WI, Eau Claire",55035,Human infections,1,1,0
"WI, Grant",55043,Non-human activity,0,0,0
"WI, Green Lake",55047,Non-human activity,0,0,0
"WI, Jefferson",55055,Human infections,0,0,1
"WI, Juneau",55057,Human infections,1,1,0
"WI, La Crosse",55063,Human infections,1,1,0
"WI, Lafayette",55065,Non-human activity,0,0,0
"WI, Milwaukee",55079,Human infections and non-human activity,2,2,1
"WI, Ozaukee",55089,Human infections,1,1,0
"WI, Pepin",55091,Human infections,1,0,0
"WI, Polk",55095,Non-human activity,0,0,0
"WI, Portage",55097,Human infections,1,1,0
"WI, Rock",55105,Non-human activity,0,0,0
"WI, Rusk",55107,Human infections,1,1,0
"WI, St Croix",55109,Human infections and non-human activity,3,3,1
"WI, Shawano",55115,Human infections,0,0,1
"WI, Trempealeau",55121,Human infections,3,3,0
"WI, Walworth",55127,Human infections,1,1,0
"WI, Waukesha",55133,Human infections,2,2,0
"WI, Winnebago",55139,Human infections,1,1,0
"WI, Wood",55141,Human infections,2,2,0
"WY, Albany",56001,Non-human activity,0,0,0
"WY, Carbon",56007,Non-human activity,0,0,0
"WY, Converse",56009,Human infections,1,1,0
"WY, Fremont",56013,Human infections and non-human activity,3,2,0
"WY, Goshen",56015,Human infections and non-human activity,2,0,0
"WY, Hot Springs",56017,Non-human activity,0,0,0
"WY, Johnson",56019,Human infections and non-human activity,0,0,1
"WY, Laramie",56021,Human infections and non-human activity,3,2,0
"WY, Lincoln",56023,Non-human activity,0,0,0
"WY, Natrona",56025,Human infections and non-human activity,5,4,2
"WY, Park",56029,Human infections and non-human activity,1,1,0
"WY, Sheridan",56033,Human infections and non-human activity,0,0,1
"WY, Sweetwater",56037,Non-human activity,0,0,0
"WY, Washakie",56043,Non-human activity,0,0,0